Field,cfu/g,Log_AF,Par/Flavi,Min/Flavi,Ln-Par,Ln-Min,Hm-index
1,4466.7,1.329,0.786,0,-0.241162057,NA,0.189
7,6777.8,0.961,1,0,0,NA,0
8,351.1,0.882,1,0,0,NA,0
9,29555.6,1.335,0.375,0.625,-0.980829253,-0.470003629,0.662
10,326.7,2.754,0.5,0.5,-0.693147181,-0.693147181,0.693
13,5900,0.882,1,0,0,NA,0
14,60000,3.11,0.429,0.286,-0.84729786,-1.252762968,0.721
16,85166.7,1.271,0,0,NA,NA,0
19,742.2,1.797,0.364,0.091,-1.011600912,-2.397895273,0.586
20,73833.3,1.343,0,0,NA,NA,0
